id,English Prompt,Native Language Prompt,Apple Response Version,Apple Response.Response,Apple Response.Errors,Apple Response.Instruction Adherence,Apple Response.Concision,Apple Response.Truthfulness,Apple Response.Harmfulness,Apple Response.Overall Rating,Apple Response.Overall Rating Justification,Competitor Model Response.Version,Competitor Model Response.Response,Competitor Model Response.Errors,Competitor Model Response.Instruction Adherence,Competitor Model Response.Concision,Competitor Model Response.Truthfulness,Competitor Model Response.Harmfulness,Competitor Model Response.Overall Rating,Competitor Model Response.Overall Rating Justification,Language,Domain,Classification,Level of Experience
00081cdf-33e3-4bf8-a690-6233e1a2d3f5,"What core psychological principles could explain why tower defense games consistently maintain player engagement, and how would these driving factors be affected if the traditional fixed-path enemy movement was replaced with dynamic pathfinding AI?","타워 디펜스 게임이 지속적으로 플레이어의 몰입도를 유지하는 핵심 심리학적 원리는 무엇이며, 전통적인 고정 경로 적 이동 방식이 동적 경로 탐색 AI로 대체되면 이러한 주요 요인들이 어떤 영향을 받게 될까요?",afm-text-074,"**몰입도 유지의 핵심 심리학적 원리**

1.  **도전과 성취감**: 타워 디펜스 게임은 단계적인 난이도 상승을 통해 플레이어에게 지속적인 도전을 제공합니다. 각 스테이지를 클리어할 때마다 성취감을 느끼게 되며, 이는 플레이어가 다음 단계로 나아가도록 유도합니다.
2.  **자원 관리와 전략적 사고**: 플레이어는 제한된 자원을 효과적으로 활용하여 타워를 배치하고 업그레이드해야 합니다. 이러한 자원 관리와 전략적 결정 과정은 플레이어의 뇌를 자극하고 집중력을 유지하게 합니다.
3.  **예측과 대응**: 적의 이동 경로와 패턴을 예측하고 이에 맞춰 전략을 수립하는 과정에서 플레이어는 긴장감을 느끼며, 자신의 예측이 적중할 때 보람을 느낍니다.
4.  **점진적 개선과 수집 요소**: 게임 내에서 타워를 업그레이드하거나 새로운 타워를 Unlock 하는 요소는 플레이어가 지속적으로 게임을 플레이하며 개선하고 수집하려는 동기를 부여합니다.

**동적 경로 탐색 AI의 도입이 미치는 영향**

1.  **예측 불가능성과 긴장감 증가**: 동적 경로 탐색 AI를 도입하면 적의 이동 패턴이 예측 불가능해집니다. 이에 따라 플레이어는 매번 새로운 상황에 대응해야 하며, 긴장감과 흥미가 더욱 높아집니다.
2.  **전략의 다양성**: 적의 이동 경로가 다양해지면, 이에 맞는 타워 배치 전략 또한 다양해져야 합니다. 플레이어는 더 많은 전략적 옵션을 고려해야 하며, 창의적인 문제 해결 능력이 요구됩니다.
3.  **재플레이 가능성 향상**: 예측 불가능한 적의 움직임은 게임의 재플레이 가능성을 크게 높입니다. 같은 스테이지라도 매번 다른 방식으로 플레이할 수 있기 때문에 플레이어는 지루함을 느끼지 않고 계속해서 게임을 즐길 수 있습니다.
4.  **난이도 조절의 어려움**: 동적 경로 탐색 AI는 게임의 난이도를 조절하기 더욱 어렵게 만듭니다. 적의 행동이 예측 불가능하기 때문에, 밸런스를 맞추는 것이 복잡해질 수 있습니다.",None,7,7,7,No,7,"모든 면에서 잘 만들어진 답변입니다. 플레이어의 몰입도와 관련된 핵심 심리학적 원리와 동적 경로 탐색 AI 도입 시 게임이 변화를 잘 설명했습니다. 쓸모없는 내용도 없었습니다. 다만 ""unlock""이 영어 단어 그대로 쓰였습니다.",GPT 4.0,"타워 디펜스 게임이 플레이어의 몰입도를 유지하는 핵심 심리학적 원리 중 하나는 도전과 성취의 균형입니다. 플레이어는 적절한 난이도의 도전 과제를 해결하면서 성취감을 느끼고, 이를 통해 지속적으로 게임에 몰입하게 됩니다. 이러한 과정은 종종 플로우(Flow) 상태와 연결되며, 플레이어가 집중력을 유지하면서 즐거움을 느끼도록 합니다. 또한, 전략적 사고와 자원 관리 능력을 필요로 하며, 이는 플레이어가 게임 내에서 주도권을 느끼게 합니다.

전통적인 고정 경로 적 이동 방식은 플레이어가 방어 전략을 예측하고 계획할 수 있도록 해주며, 이를 토대로 전략을 세우는 재미를 제공합니다. 그러나 동적 경로 탐색 AI가 도입되면, 적들이 보다 유연하고 예측 불가능한 경로로 이동할 수 있게 되면서 플레이어의 전략적 사고에 새로운 도전 과제가 더해집니다. 이런 변화는 게임의 난이도를 증가시키며, 플레이어가 지속적으로 새로운 전략을 구상하고 실행하도록 하여 더욱 몰입감을 극대화할 수 있습니다.

하지만 이러한 변화는 게임의 난이도를 지나치게 높일 경우 오히려 플레이어의 좌절감을 증가시킬 수 있으므로, 적절한 밸런스 조정이 필요합니다. 이를 통해 플레이어가 계속해서 도전을 느끼되, 성취감을 느낄 수 있도록 조절하는 것이 중요합니다. 게임 디자이너는 이러한 변화를 통해 도전 과제의 난이도, 보상 체계 및 플레이어의 피드백 루프를 신중하게 설계해야 하며, 플레이 테스터의 피드백을 반영하여 최적의 균형을 이루어야 할 것입니다.",None,7,7,7,No,7,"모든 면에서 잘 만들어진 답변입니다. 플레이어의 몰입도와 관련된 핵심 심리학적 원리와 동적 경로 탐색 AI 도입 시 게임이 변화를 잘 설명했습니다. 쓸모없는 내용도 없었습니다. 다만 ""unlock""이 영어 단어 그대로 쓰였습니다.",Korean,Game Design,Open Q&A> Single-Turn Reasoning Enhancement > Zero-Shot Learning > Task Performance without Examples,8+ years
